ID,Name,Dialogue,HasChoice,AcceptDialogue,AcceptID,RejectDialogue,RejectID,Favorability,ImagePath
1,까망이,집 값이 이렇게 안 잡혀서야... 쯧 쯧,FALSE,,2,,0,0,
2,빨강이,안녕하십니까! 이 사무실에 배정 받은 빨...,FALSE,,3,,0,0,
3,까망이,시끄러워! (잠시 커피를 홀짝거린다.) 너희들은 누구냐?,FALSE,,4,,0,0,
4,빨강이,그러니까 저희는... 이 사무실에 배정 받은,FALSE,,5,,0,0,
5,까망이,질문은 내가 한다!,FALSE,,6,,0,0,
6,파랑이,...,FALSE,,7,,0,0,
7,까망이,이런 젠장! 또야? 하여튼 인간이란...,FALSE,,8,,0,0,
8,까망이,이봐! 지금 출동 인원 몇명이나 있나?,FALSE,,9,,0,0,
9,,...,FALSE,,10,,0,0,
10,까망이,응? 아무도 없다고? 그게 말이 되나?,FALSE,,10,,0,0,
11,,...,FALSE,,11,,0,0,
12,까망이,뭐? 인턴? 우리가 인턴이 어딨어? ... 내가 신청했다고? .... 당연히 기억하지! 그래 알았어.,FALSE,,12,,0,0,
13,까망이,오늘 온다는 인턴은 언제 오는거야!,FALSE,,13,,0,0,
14,빨강이,그러니까 안녕하십니까! 새로 이 마음 해결사 사무실에 배정 받은 빨강입니다!,FALSE,,14,,0,0,
15,파랑이,같이 배정 받은 파랑입니다,FALSE,,15,,0,0,
16,까망이,젠장! 어디 있다가 이제 온거야? 너희들 기본 교육은 이미 받고 왔겠지?,FALSE,,16,,0,0,
17,빨강이,교육이요? 이 곳에 오면 다 알려주신다고...,FALSE,,17,,0,0,
18,까망이,뭐? 이런 윗 대가리들은 뭐하는 거야?,FALSE,,18,,0,0,
19,까망이,설명할 시간이 없다! 저기 뒷 쪽에 보이지?,FALSE,,19,,0,0,
20,까망이,얼른 가서 해결하고 와!,FALSE,,20,,0,0,
21,빨강이,네...? 아니 어떻게...,FALSE,,21,,0,0,
22,까망이,일단 출동해. 설명은 나중에 할테니.,FALSE,,22,,0,0,
23,까망이,후... 이게 다 집 값이 안 잡혀서 그런거야.,FALSE,,-1,,0,0,
24,빨강이,아야야... 이게 뭐야,FALSE,,25,,0,0,
25,파랑이,너 진짜 교육을 안 받은거야?,FALSE,,26,,0,0,
26,빨강이,어...? 받긴 받았지만 그게... 잘 기억이...,FALSE,,27,,0,0,
27,파랑이,하... 여긴 인간세계와 우리 세계의 경계선이야.,FALSE,,28,,0,0,
28,빨강이,"좋아 근데, 우리가 회색으로 물든 세상을 고치는 거랑 이 곳이 무슨 상관이야?",FALSE,,29,,0,0,
29,파랑이,너도 알다시피 우리는 인간의 감정들을 통해 에너지를 얻어.,FALSE,,30,,0,0,
30,파랑이,그런데 인간의 감정이 과도하게 부정적이거나 불안하면 우리의 존재에도 영향을 끼치기 시작하지.,FALSE,,31,,0,0,
31,빨강이,어... 그런데?,FALSE,,32,,0,0,
32,파랑이,그러니까 우리가 살아남기 위해서 인간 세계에 개입해서 그들의 감정을 정상화 해야만 해.,FALSE,,33,,0,0,
33,파랑이,그리고 그 일을 우리 마음해결사들이 해야하는 거고.,FALSE,,34,,0,0,
34,빨강이,그정돈 나도 알아! 근데 그걸 어떻게 하냐는 거지.,FALSE,,35,,0,0,
35,까망이,아아... 잘 들리나 제군들? 첫 임무다.,FALSE,,36,,0,0,
36,까망이,첫 임무다! 우선 저 지독하게 칙칙하고 어지러운 색을 지우고 와!,FALSE,,37,,0,0,
37,파랑이,알겠습니다.,FALSE,,38,,0,0,
38,빨강이,어어? 저기요? 저기로 들어가라구요?,FALSE,,39,,0,0,
39,까망이,그래! 얼른들어가!,FALSE,,40,,0,0,
40,빨강이,근데... 굉장히 위험해 보이기도 하고...,FALSE,,41,,0,0,
41,빨강이,아직 마음의 준비가 안되었달까...?,FALSE,,42,,0,0,
42,빨강이,어? 야 잠깐만! ,FALSE,,44,,0,0,
43,빨강이,아이... 야 같이 가!,FALSE,,-1,,0,0,
44,까망이,에테르가 더 오염되고 있잖아. 뭐 알아낸 거 있나?,FALSE,,45,,0,0,
45,빨강이,아마 저 남자 때문인 것 같아요...,FALSE,,46,,0,0,
46,빨강이,"굉장히 차갑고, 공허한 감정이 느껴져요...",FALSE,,47,,0,0,
47,파랑이,여성에게서도 부정적 감정이 느껴집니다.,FALSE,,48,,0,0,
48,파랑이,혼란스러움과 불안함이 에테르를 오염시키고 있어요.,FALSE,,49,,0,0,
49,까망이,"젠장, 인간들이란.",FALSE,,50,,0,0,
50,파랑이,아직 판단할 단서가 많이 부족합니다. 하지만 문제의 원인은 파악했으니,FALSE,,51,,0,0,
51,파랑이,제거만 하면 될 것 같습니다.,FALSE,,52,,0,0,
52,까망이,좋아 얼른 착수해.,FALSE,,53,,0,0,
53,빨강이,넵!,FALSE,,54,,0,0,
54,빨강이,...,FALSE,,55,,0,0,
55,빨강이,근데 뭘 해야하죠?,FALSE,,56,,0,0,
56,파랑이,하...,FALSE,,57,,0,0,
57,파랑이,이제 저들이 느끼는 감정을 에테르에 영향이 가지 않을만큼 중화해야지.,FALSE,,58,,0,0,
58,빨강이,그러니까 어떻게! 어떻게 하는데?,FALSE,,59,,0,0,
59,파랑이,문제의 원인을 제거 하는 방법은 네가 찾아야지.,FALSE,,60,,0,0,
60,빨강이,그러니까 방법을 알려줘야지!,FALSE,,61,,0,0,
61,파랑이,간단하지. 네 귀를 기울이고 인간의 머리를 쓰다듬어줘.,FALSE,,62,,0,0,
62,빨강이,뭐야! 엄청 쉽네 좋아 나만 믿어.,FALSE,,63,,0,0,
63,파랑이,뭐...? 아니 방금 내가 한 말은...,FALSE,,64,,0,0,
64,빨강이,좋았어! 빨리 가자!,FALSE,,65,,0,0,
65,파랑이,야! 잠깐만 잠깐만 기다려 아까 내가 말한건...,FALSE,,-1,,0,0,
66,빨강이,그러니까.. 다 거짓말이었다는 거지?,FALSE,,67,,0,0,
67,파랑이,...,FALSE,,68,,0,0,
68,빨강이,그냥 말해주면 돼지 너 진짜 이상하다.,FALSE,,69,,0,0,
69,파랑이,뭐? 모르는 네가 이상한거지 내가 이상하냐? ,FALSE,,70,,0,0,
70,파랑이,너 도대체 어떻게 마음 해결사가 된거야?,FALSE,,71,,0,0,
71,빨강이,뭐라고? 나도 나름 열심히 했거든?,FALSE,,72,,0,0,
72,파랑이,열심히로는 안돼. 잘 해야지.,FALSE,,73,,0,0,
73,빨강이,이게 진짜!,FALSE,,74,,0,0,
74,까망이,싸울 시간 없다! 빨리 착수해,FALSE,,75,,0,0,
75,빨강이,너 진짜 있다가 보자,FALSE,,76,,0,0,
76,파랑이,그러시든가.,FALSE,,-1,,0,0,
77,까망이,생각보다 빠르게 일을 진행시키는군. 잘했다!,FALSE,,78,,0,0,
78,파랑이,특정 장소로 유도하니 감정 불안도가 많이 내려갔습니다.,FALSE,,79,,0,0,
79,파랑이,아마 장소를 단서로 기억을 거슬러 올라가면 실마리가 보일 것 같습니다.,FALSE,,80,,0,0,
80,빨강이,아니거든? 소장님 남자가 엽서를 보더니 많이 안정되어보였어요.,FALSE,,81,,0,0,
81,빨강이,장소보다는 추억이 담긴 물건들을 살펴보는 건 어떨까요?,FALSE,,82,,0,0,
82,파랑이,그 많은 물건들 사이에서 어떻게 기억과 관련된 걸 찾을건데?,FALSE,,83,,0,0,
83,파랑이,장소같이 넓은 범위부터 시작하는 게 맞아.,FALSE,,84,,0,0,
84,빨강이,그렇게 따지면 넓~고 많~은 장소들 사이에서 어떻게 그 장소를 찾을 건데?,FALSE,,85,,0,0,
85,파랑이,인간들을 여러 장소로 유도하며 반응을 살펴야지,FALSE,,86,,0,0,
86,파랑이,물건을 찾더라도 그 장소에서 찾는게 맞지 않을까?,FALSE,,87,,0,0,
87,파랑이,상식적으로? 머리라는 걸로 생각을 좀 해보는게 어때?,FALSE,,88,,0,0,
88,빨강이,이게 진짜! 너 일로 와봐.,FALSE,,89,,0,0,
89,까망이,그만!,FALSE,,90,,0,0,
90,까망이,계속 이런식이면 징계를 내릴 수 밖에 없다!,FALSE,,91,,0,0,
91,까망이,상황이 급한 상황이니 싸움은 나중에 하고 이 빌어먹을 상황이나 해결해!,FALSE,,92,,0,0,
92,빨강이,너 진짜 나중에 보자,FALSE,,93,,0,0,
93,파랑이,아까도 나중에 보자더니 아무 일도 없던데?,FALSE,,94,,0,0,
94,빨강이,너 진짜 지금 일로와 봐.,FALSE,,95,,0,0,
95,까망이,하... 이게 다 집값이 안잡혀서 그래,FALSE,,-1,,0,0,
96,빨강이,어? 이게 왜이래?,FALSE,,97,,0,0,
97,파랑이,감정의 폭주 현상이야! 물러서!,FALSE,,98,,0,0,
98,빨강이,뭐? 그럼 어떻게 해야하는데?,FALSE,,99,,0,0,
99,까망이,이봐! 무슨 일이야?,FALSE,,100,,0,0,
100,파랑이,폭주 현상입니다!,FALSE,,101,,0,0,
101,까망이,젠장! 현상 범위는 어떻게되나?,FALSE,,102,,0,0,
102,파랑이,아직 전역으로 퍼지진 않았습니다!,FALSE,,103,,0,0,
103,까망이,현지 대응 가능한 요원 있나?,FALSE,,104,,0,0,
104,,...,FALSE,,105,,0,0,
105,까망이,어쩔 수 없군 이봐 인턴들!,FALSE,,106,,0,0,
106,빨강이,넵!,FALSE,,107,,0,0,
107,까망이,지금 대응 가능한 요원들이 없다! 자네들끼리 해결할 수 있겠나?,FALSE,,108,,0,0,
108,파랑이,저희들끼리는 무리입니다.,FALSE,,109,,0,0,
109,까망이,어쩔 수 없다. 너희들끼리 할 수 밖에 없어.,FALSE,,110,,0,0,
110,빨강이,어떻게 해야 하나요?,FALSE,,111,,0,0,
111,까망이,저 둘의 기억 속으로 뛰어들어 감정을 진정시켜야 해.,FALSE,,112,,0,0,
112,빨강이,...,FALSE,,113,,0,0,
113,빨강이,해보겠습니다!,FALSE,,114,,0,0,
114,파랑이,"야, 그렇게 쉬운 일이 아니야 그렇게 함부로...",FALSE,,115,,0,0,
115,빨강이,그럼 어떡해? 우리 밖에 없다는 데 우리가 해야지!,FALSE,,116,,0,0,
116,파랑이,그건 그렇지만...,FALSE,,117,,0,0,
117,빨강이,해야만 해... 할 수 밖에 없어!,FALSE,,118,,0,0,
118,파랑이,나는...,FALSE,,119,,0,0,
119,빨강이,할 수 있어! 날 믿어!,FALSE,,120,,0,0,
120,까망이,"고맙네... 하나 명심해야 할 것은. 저 곳에 들어가면 바깥과는 완전히 차단되네, 결국 저 둘의 기억 속으로 들어가는 거니까.",FALSE,,121,,0,0,
121,빨강이,알겠습니다... 가자!,FALSE,,122,,0,0,
122,파랑이,그래.,FALSE,,-1,,0,0,